Departmental Family,Entity,Date,Expense Type,Expense Area,Supplier,Transaction number,Amount
CAB,CABINET OFFICE,01-May-20,EXP - PURCHASE OF GOODS/SERVICES - CLINICAL & MEDICAL,COVID (PROG),SAGENTIA LTD,10004587,709360.93
CAB,CABINET OFFICE,01-May-20,EXP - PURCHASE OF GOODS/SERVICES - CLINICAL & MEDICAL,COVID (PROG),SAGENTIA LTD,10004587,141872.19
CAB,CABINET OFFICE,07-May-20,EXP - PURCHASE OF GOODS/SERVICES - CLINICAL & MEDICAL,COVID (PROG),AIRBUS OPERATIONS LIMITED,10004589,46289.92
CAB,CABINET OFFICE,07-May-20,EXP - PURCHASE OF GOODS/SERVICES - CLINICAL & MEDICAL,COVID (PROG),MCLAREN RACING LIMITED,10004590,148693.81
CAB,CABINET OFFICE,07-May-20,EXP - PURCHASE OF GOODS/SERVICES - CLINICAL & MEDICAL,COVID (PROG),MCLAREN RACING LIMITED,10004590,29738.76
CAB,CABINET OFFICE,15-May-20,PPE - POA & AUC (OWNED) - COST - ADDITIONS - PLANT & MACHINERY,COVID (PROG),CROSSGATES PRESS LTD T/A DCR MACHINES,10004594,136637.5
CAB,CABINET OFFICE,15-May-20,PPE - POA & AUC (OWNED) - COST - ADDITIONS - PLANT & MACHINERY,COVID (PROG),CROSSGATES PRESS LTD T/A DCR MACHINES,10004594,683187.5
CAB,CABINET OFFICE,18-May-20,EXP - PURCHASE OF GOODS/SERVICES - PERSONNEL RELATED - CHILD CARE,CO HR PAY & REWARD TEAM,EDENRED CHILDCARE VOUCHERS,10004595,35641.1
CAB,CABINET OFFICE,21-May-20,EXP - SHORT-TERM CONTRACT & AGENCY STAFF - FULL COST,COVID (PROG),DARWOOD IP LTD,10004597,79468.77
CAB,CABINET OFFICE,05-May-20,EXP - PURCHASE OF GOODS/SERVICES - HOTELS & ACCOMMODATION - FOREIGN ACCOMODATION,EUROPE TEAM,THON HOTEL EU,20001476,32522.16
CAB,CABINET OFFICE,15-May-20,EXP - PURCHASE OF GOODS/SERVICES - OTHER ICT COSTS,TECHNOLOGY AND OPERATIONS,AMAZON WEB SERVICES EMEA SARL,20001498,386158.33
CAB,CABINET OFFICE,18-May-20,EXP - PURCHASE OF GOODS/SERVICES - OTHER ICT COSTS,TECHNOLOGY AND OPERATIONS,AMAZON WEB SERVICES EMEA SARL,20001500,36664.12
CAB,CABINET OFFICE,20-May-20,EXP - PURCHASE OF GOODS/SERVICES - OTHER ICT COSTS,DIGITAL & TECHNOLOGY APPLICATIONS TEAM,"AMAZON WEB SERVICES, INC.",20001507,196505.01
CAB,CABINET OFFICE,20-May-20,EXP - PURCHASE OF GOODS/SERVICES - OTHER ICT COSTS,DIGITAL & TECHNOLOGY APPLICATIONS TEAM,"AMAZON WEB SERVICES, INC.",20001508,190949.68
CAB,CABINET OFFICE,20-May-20,EXP - PURCHASE OF GOODS/SERVICES - OTHER PROFESSIONAL SERVICES,PROSPERITY FUND,INTERNATIONAL BANK FOR RECONSTRUCTION AND DEVELOPMENT,20001510,860091.74
CAB,CABINET OFFICE,28-May-20,EXP - PURCHASE OF GOODS/SERVICES - OTHER ICT COSTS,TECHNOLOGY AND OPERATIONS,AMAZON WEB SERVICES EMEA SARL,20001519,325810.76
CAB,CABINET OFFICE,30-May-20,EXP - PURCHASE OF GOODS/SERVICES - OTHER ICT COSTS,TECHNOLOGY AND OPERATIONS,AWS SERVICES INC,20001521,383736.98
CAB,CABINET OFFICE,30-May-20,EXP - PURCHASE OF GOODS/SERVICES - OTHER ICT COSTS,TECHNOLOGY AND OPERATIONS,PAGERDUTY INC.,20001523,39679.28
CAB,CABINET OFFICE,01-May-20,EXP - PURCHASE OF GOODS/SERVICES - OTHER ICT COSTS - COMPUTER HARDWARE,DIGITAL AND TECHNOLOGY TEAM - SCOTLAND OFFICE,XMA LTD,1037090280,43162.24
CAB,CABINET OFFICE,01-May-20,EXP - PURCHASE OF GOODS/SERVICES - OTHER ICT COSTS - COMPUTER SOFTWARE,DIGITAL & TECHNOLOGY APPLICATIONS TEAM,TRUSTMARQUE SOLUTIONS LTD,1037090284,59124.3
CAB,CABINET OFFICE,01-May-20,EXP - PURCHASE OF GOODS/SERVICES - OTHER - RESEARCH AND DEVELOPMENT,COVID-19,YOUGOV PLC,1037090287,61500
CAB,CABINET OFFICE,01-May-20,EXP - PURCHASE OF GOODS/SERVICES - TRAINING & DEVELOPMENT,Capability - Learning & Development,GARNETT INTERACTIVE,1037090300,37300
CAB,CABINET OFFICE,01-May-20,EXP - CURRENT GRANTS TO PRIVATE SECTOR - NON PROFIT INSTITUTIONS SERVING H'HOLD - RESOURCE GRANTS PRIVATE SECTOR,GOVERNMENT EQUALITIES OFFICE PROG,EQUALITEACH CIC,1037090311,34033.95
CAB,CABINET OFFICE,01-May-20,EXP - CURRENT GRANTS TO LOCAL GOVERNMENT,GOVERNMENT EQUALITIES OFFICE PROG,ROCKET SCIENCE LTD - GRANTS MGT,1037090312,51083
CAB,CABINET OFFICE,01-May-20,EXP - CURRENT GRANTS TO LOCAL GOVERNMENT,GOVERNMENT EQUALITIES OFFICE PROG,ROCKET SCIENCE LTD - GRANTS MGT,1037090312,85591
CAB,CABINET OFFICE,01-May-20,EXP - PURCHASE OF GOODS/SERVICES - MARKETING & MEDIA - ADVERTISING,GOV COMMS EU EXIT PROG,WAVEMAKER LTD,1037090327,37963.7
CAB,CABINET OFFICE,01-May-20,EXP - PURCHASE OF GOODS/SERVICES - CONSULTANCY - IT,FAST STREAM RECRUITMENT,VALTECH LTD,1037090337,30600
CAB,CABINET OFFICE,04-May-20,EXP - PURCHASE OF GOODS/SERVICES - ACCOMMODATION & BLDNG MANAGEMENT,FACILITIES MANAGEMENT,INTERSERVE FACILITIES MANAGEMENT LTD,1037090389,61799.82
CAB,CABINET OFFICE,04-May-20,EXP - PURCHASE OF GOODS/SERVICES - TRAINING & DEVELOPMENT,CSHR EU EXIT CAPABILITY & CAPACITY,OXFORD SAID BUSINESS SCHOOL LTD,1037090395,52847.22
CAB,CABINET OFFICE,04-May-20,PPE - POA & AUC (OWNED) - COST - ADDITIONS - PLANT & MACHINERY,CENTRAL BUDGETS - LEGACY (PROG),PENLON LTD,1037090430,74735.21
CAB,CABINET OFFICE,04-May-20,EXP - PURCHASE OF GOODS/SERVICES - OTHER TRAVEL,COMMERCIAL,DIVERSITY TRAVEL LTD,1037090434,216061.78
CAB,CABINET OFFICE,05-May-20,EXP - PURCHASE OF GOODS/SERVICES - OTHER - RESEARCH AND DEVELOPMENT,COVID-19,YOUGOV PLC,1037090485,75900
CAB,CABINET OFFICE,05-May-20,EXP - PURCHASE OF GOODS/SERVICES - OTHER - RESEARCH AND DEVELOPMENT,COVID-19,YOUGOV PLC,1037090485,88500
CAB,CABINET OFFICE,05-May-20,EXP - PURCHASE OF GOODS/SERVICES - OTHER - RESEARCH AND DEVELOPMENT,COVID-19,YOUGOV PLC,1037090485,204900
CAB,CABINET OFFICE,05-May-20,EXP - PURCHASE OF GOODS/SERVICES - ACCOMMODATION & BLDNG MANAGEMENT - NON PRIME UTILITIES,FACILITIES MANAGEMENT,INTERSERVE FACILITIES MANAGEMENT LTD,1037090520,29000
CAB,CABINET OFFICE,05-May-20,Exp - Purchase Of Goods/Services - Consultancy,OGP - PROPERTY PROGRAMMES†,ARCADIS LLP,1037090527,47473
CAB,CABINET OFFICE,06-May-20,EXP - PURCHASE OF GOODS/SERVICES - END USER SOFTWARE AND HARDWARE,Transition Taskforce (Admin),PA CONSULTING SERVICES LTD,1037090530,127180
CAB,CABINET OFFICE,06-May-20,EXP - PURCHASE OF GOODS/SERVICES - END USER SOFTWARE AND HARDWARE,Transition Taskforce (Admin),PA CONSULTING SERVICES LTD,1037090530,25436
CAB,CABINET OFFICE,06-May-20,EXP - PURCHASE OF GOODS/SERVICES - OTHER,COVID (PROG),DIAMEDICA UK LTD,1037090545,27435
CAB,CABINET OFFICE,06-May-20,EXP - PURCHASE OF GOODS/SERVICES - OTHER,COVID (PROG),CAMBRIDGE CONSULTANTS LTD,1037090548,1595564.94
CAB,CABINET OFFICE,06-May-20,Exp - Purchase Of Goods/Services - Consultancy,GSS STRATEGY,HYPER TALENT SOLUTIONS LTD,1037090556,67060
CAB,CABINET OFFICE,06-May-20,Exp - Purchase Of Goods/Services - Consultancy,GRANTS TRANSFORMATION PROGRAMME,ERNST & YOUNG LLP,1037090611,27110
CAB,CABINET OFFICE,06-May-20,Exp - Purchase Of Goods/Services - Consultancy,GRANTS TRANSFORMATION PROGRAMME,ERNST & YOUNG LLP,1037090611,52700
CAB,CABINET OFFICE,06-May-20,Exp - Purchase Of Goods/Services - Consultancy,GRANTS TRANSFORMATION PROGRAMME,ERNST & YOUNG LLP,1037090611,58900
CAB,CABINET OFFICE,06-May-20,Exp - Purchase Of Goods/Services - Consultancy,GRANTS TRANSFORMATION PROGRAMME,ERNST & YOUNG LLP,1037090611,77200
CAB,CABINET OFFICE,06-May-20,Exp - Purchase Of Goods/Services - Consultancy,GRANTS TRANSFORMATION PROGRAMME,ERNST & YOUNG LLP,1037090611,85150
CAB,CABINET OFFICE,06-May-20,Exp - Purchase Of Goods/Services - Consultancy,GRANTS TRANSFORMATION PROGRAMME,ERNST & YOUNG LLP,1037090611,85600
CAB,CABINET OFFICE,06-May-20,Exp - Purchase Of Goods/Services - Consultancy,GRANTS TRANSFORMATION PROGRAMME,ERNST & YOUNG LLP,1037090611,88250
CAB,CABINET OFFICE,06-May-20,Exp - Purchase Of Goods/Services - Consultancy,GRANTS TRANSFORMATION PROGRAMME,ERNST & YOUNG LLP,1037090611,89487
CAB,CABINET OFFICE,06-May-20,Exp - Purchase Of Goods/Services - Consultancy,GRANTS TRANSFORMATION PROGRAMME,ERNST & YOUNG LLP,1037090611,122400
CAB,CABINET OFFICE,06-May-20,Exp - Purchase Of Goods/Services - Consultancy,GRANTS TRANSFORMATION PROGRAMME,ERNST & YOUNG LLP,1037090611,178600
CAB,CABINET OFFICE,07-May-20,EXP - PURCHASE OF GOODS/SERVICES -OTHER PROFESSIONAL SERVICES - LEGAL,COVID (PROG),DENTONS UK & MIDDLE EAST LLP,1037090631,187275.33
CAB,CABINET OFFICE,07-May-20,EXP - PURCHASE OF GOODS/SERVICES - AUDIT SERVICES - AUDITOR REMUN-NON AUDIT COSTS,DEPT OVERHEADS MISC,HM TREASURY GROUP,1037090656,92500
CAB,CABINET OFFICE,07-May-20,Exp - Purchase Of Goods/Services - Consultancy,OUTSOURCING IMPLEMENTATION,DELOITTE LLP,1037090661,399306
CAB,CABINET OFFICE,07-May-20,EXP - PURCHASE OF GOODS/SERVICES - OFFICE EQUIPMENT,COVID (PROG),SMITHS MEDICAL INTERNATIONAL LTD,1037090685,393642
CAB,CABINET OFFICE,11-May-20,EXP - PURCHASE OF GOODS/SERVICES - OTHER ICT COSTS,GAAP,FIRETEXT COMMUNICATIONS LTD,1037090728,175170.61
CAB,CABINET OFFICE,11-May-20,EXP - PURCHASE OF GOODS/SERVICES - OTHER ICT COSTS,GAAP,FIRETEXT COMMUNICATIONS LTD,1037090728,35034.12
CAB,CABINET OFFICE,11-May-20,EXP - PURCHASE OF GOODS/SERVICES - OTHER ICT COSTS,GAAP,FIRETEXT COMMUNICATIONS LTD,1037090731,176325.78
CAB,CABINET OFFICE,11-May-20,EXP - PURCHASE OF GOODS/SERVICES - OTHER ICT COSTS,GAAP,FIRETEXT COMMUNICATIONS LTD,1037090731,35265.16
CAB,CABINET OFFICE,11-May-20,EXP - PURCHASE OF GOODS/SERVICES - OTHER PROFESSIONAL SERVICES,OGP - PROPERTY PROGRAMMES†,IMPROVEMENT & DEVELOPMENT AGENCY,1037090735,1286000
CAB,CABINET OFFICE,11-May-20,Exp - Purchase Of Goods/Services - Consultancy,GEOSPATIAL COMMISSION,ORDNANCE SURVEY,1037090738,45080.88
CAB,CABINET OFFICE,11-May-20,EXP - PURCHASE OF GOODS/SERVICES - OTHER ICT COSTS,DIGITAL & TECHNOLOGY APPLICATIONS TEAM,XANSIUM CONSULTING LTD,1037090791,145525
CAB,CABINET OFFICE,12-May-20,EXP - PURCHASE OF GOODS/SERVICES - ACCOMMODATION & BLDNG MANAGEMENT - FM CONTRACT VARIABLE,Faculty & Service Delivery,CCT VENUES-2WM,1037090817,31695
CAB,CABINET OFFICE,12-May-20,EXP - PURCHASE OF GOODS/SERVICES - AUDIT SERVICES - AUDITOR REMUN-NON AUDIT COSTS,DEBT POLICY & ADVISORY,ATKINS LTD,1037090820,68511.04
CAB,CABINET OFFICE,12-May-20,EXP - PURCHASE OF GOODS/SERVICES - TRAINING & DEVELOPMENT,BUSINESS OPERATIONS & EXECS,KORN FERRY,1037090826,26085.85
CAB,CABINET OFFICE,12-May-20,EXP - PURCHASE OF GOODS/SERVICES - MARKETING & MEDIA - ADVERTISING,COVID-19,MANNING GOTTLIEB OMD,1037090844,69999.7
CAB,CABINET OFFICE,12-May-20,EXP - PURCHASE OF GOODS/SERVICES - MARKETING & MEDIA - ADVERTISING,COVID-19,MANNING GOTTLIEB OMD,1037090844,35964.12
CAB,CABINET OFFICE,12-May-20,EXP - PURCHASE OF GOODS/SERVICES - MARKETING & MEDIA - ADVERTISING,COVID-19,MANNING GOTTLIEB OMD,1037090844,72000.16
CAB,CABINET OFFICE,12-May-20,EXP - PURCHASE OF GOODS/SERVICES - MARKETING & MEDIA - ADVERTISING,COVID-19,MANNING GOTTLIEB OMD,1037090844,100588.46
CAB,CABINET OFFICE,12-May-20,EXP - PURCHASE OF GOODS/SERVICES - MARKETING & MEDIA - ADVERTISING,COVID-19,MANNING GOTTLIEB OMD,1037090844,1582411.69
CAB,CABINET OFFICE,12-May-20,EXP - PURCHASE OF GOODS/SERVICES - MARKETING & MEDIA - ADVERTISING,COVID-19,MANNING GOTTLIEB OMD,1037090844,668651.15
CAB,CABINET OFFICE,12-May-20,Exp - Purchase Of Goods/Services - Consultancy,CENTRAL EU EXIT CONSULTANCY (PROG),BAIN & COMPANY INC,1037090851,277500
CAB,CABINET OFFICE,12-May-20,Exp - Purchase Of Goods/Services - Consultancy,CENTRAL EU EXIT CONSULTANCY (PROG),BAIN & COMPANY INC,1037090851,370000
CAB,CABINET OFFICE,12-May-20,EXP - PURCHASE OF GOODS/SERVICES - MARKETING & MEDIA - ADVERTISING,COVID-19,MULLEN LOWE LONDON LTD,1037090898,35056.34
CAB,CABINET OFFICE,12-May-20,EXP - PURCHASE OF GOODS/SERVICES - MARKETING & MEDIA - ADVERTISING,COVID-19,MULLEN LOWE LONDON LTD,1037090898,29156.68
CAB,CABINET OFFICE,12-May-20,EXP - PURCHASE OF GOODS/SERVICES - MARKETING & MEDIA - ADVERTISING,COVID-19,MULLEN LOWE LONDON LTD,1037090898,111931
CAB,CABINET OFFICE,12-May-20,EXP - PURCHASE OF GOODS/SERVICES - MARKETING & MEDIA - ADVERTISING,COVID-19,MULLEN LOWE LONDON LTD,1037090898,25993.33
CAB,CABINET OFFICE,12-May-20,EXP - PURCHASE OF GOODS/SERVICES - MARKETING & MEDIA - ADVERTISING,COVID-19,MULLEN LOWE LONDON LTD,1037090898,57883.78
CAB,CABINET OFFICE,12-May-20,EXP - PURCHASE OF GOODS/SERVICES - MARKETING & MEDIA - ADVERTISING,COVID-19,MULLEN LOWE LONDON LTD,1037090898,155195.24
CAB,CABINET OFFICE,12-May-20,EXP - PURCHASE OF GOODS/SERVICES - MARKETING & MEDIA - ADVERTISING,COVID-19,MULLEN LOWE LONDON LTD,1037090898,56715.41
CAB,CABINET OFFICE,12-May-20,EXP - PURCHASE OF GOODS/SERVICES - MARKETING & MEDIA - ADVERTISING,COVID-19,MULLEN LOWE LONDON LTD,1037090898,67239.53
CAB,CABINET OFFICE,12-May-20,EXP - PURCHASE OF GOODS/SERVICES - OTHER ICT COSTS,DIGITAL & TECHNOLOGY INFRASTRUCTURE TEAM,XMA LTD,1037090926,92500
CAB,CABINET OFFICE,13-May-20,EXP - PURCHASE OF GOODS/SERVICES - MARKETING & MEDIA - MONITORING SERVICES,PROSPERITY FUND,INTEGRITY RESEARCH & CONSULTANCY,1037090945,152058.51
CAB,CABINET OFFICE,13-May-20,Exp - Purchase Of Goods/Services - Consultancy,GLOBAL DIGITAL MARKETPLACE,SPEND NETWORK,1037090959,182640
CAB,CABINET OFFICE,13-May-20,Exp - Purchase Of Goods/Services - Consultancy,GLOBAL DIGITAL MARKETPLACE,SPEND NETWORK,1037090959,36528
CAB,CABINET OFFICE,13-May-20,Exp - Purchase Of Goods/Services - Contractors,Faculty & Service Delivery,ALEXANDER MANN SOLUTIONS LTD-2WM,1037090975,985.49
CAB,CABINET OFFICE,13-May-20,Exp - Purchase Of Goods/Services - Consultancy,ROYAL MAIL SERVICE PENSIONS,CAPITA EMPLOYEE BENEFITS LTD,1037090976,319095.38
CAB,CABINET OFFICE,13-May-20,Exp - Purchase Of Goods/Services - Consultancy,ROYAL MAIL SERVICE PENSIONS,CAPITA EMPLOYEE BENEFITS LTD,1037090976,63819.08
CAB,CABINET OFFICE,13-May-20,EXP - PURCHASE OF GOODS/SERVICES - OTHER ICT COSTS,TECHNOLOGY AND OPERATIONS,ZENDESK,1037090994,29625
CAB,CABINET OFFICE,13-May-20,EXP - PURCHASE OF GOODS/SERVICES - OTHER ICT COSTS,CO CEG NATIONAL FRAUD INITIATIVE,SYNECTICS SOLUTIONS LTD,1037090995,137997
CAB,CABINET OFFICE,18-May-20,Exp - Purchase Of Goods/Services - Consultancy,GOVERNMENT EQUALITIES OFFICE PROG,G4S GAOS  CCC EQUALITY ADVISORY AND SUPPORT SERVICES,1037091160,84400.96
CAB,CABINET OFFICE,18-May-20,EXP - PERMANENT UK STAFF - EMPLOYER'S SOCIAL SECURITY COSTS - APPRENTICESHIP LEVY,APPRENTICESHIP LEVY,INLAND REVENUE SHIPLEY PAYE,1037091192,168070
CAB,CABINET OFFICE,18-May-20,EXP - PURCHASE OF GOODS/SERVICES - OTHER ICT COSTS,PMO ICTS,XMA LTD,1037091199,34699.2
CAB,CABINET OFFICE,18-May-20,Exp - Purchase Of Goods/Services - Consultancy,CENTRAL OVERHEADS,CROWN COMMERCIAL SERVICE,1037091201,50000
CAB,CABINET OFFICE,18-May-20,Exp - Purchase Of Goods/Services - Consultancy,CENTRAL EU EXIT CONSULTANCY (PROG),NORTH HIGHLAND LTD,1037091204,239200
CAB,CABINET OFFICE,18-May-20,EXP - PURCHASE OF GOODS/SERVICES - OFFICE RELATED - STATIONERY,FINANCIAL CONTROL & OPERATIONS,ROYAL BANK OF SCOTLAND,1037091223,56603.8
CAB,CABINET OFFICE,19-May-20,EXP - PURCHASE OF GOODS/SERVICES - OTHER,EUROPE TEAM,SAVILLE GROUP,1037091252,29805.33
CAB,CABINET OFFICE,19-May-20,PPE - POA & AUC (OWNED) - COST - ADDITIONS - PLANT & MACHINERY,CENTRAL BUDGETS - LEGACY (PROG),PENLON LTD,1037091257,57753.13
CAB,CABINET OFFICE,19-May-20,PPE - POA & AUC (OWNED) - COST - ADDITIONS - PLANT & MACHINERY,CENTRAL BUDGETS - LEGACY (PROG),PENLON LTD,1037091257,65982
CAB,CABINET OFFICE,19-May-20,PPE - POA & AUC (OWNED) - COST - ADDITIONS - PLANT & MACHINERY,CENTRAL BUDGETS - LEGACY (PROG),PENLON LTD,1037091257,881364.51
CAB,CABINET OFFICE,19-May-20,EXP - PURCHASE OF GOODS/SERVICES - OTHER PROFESSIONAL SERVICES,PROSPERITY FUND,PA CONSULTING SERVICES LTD,1037091298,206575.94
CAB,CABINET OFFICE,20-May-20,EXP - PURCHASE OF GOODS/SERVICES -OTHER PROFESSIONAL SERVICES - LEGAL,COVID (PROG),MILLS & REEVE LLP,1037091313,148883.09
CAB,CABINET OFFICE,20-May-20,EXP - PURCHASE OF GOODS/SERVICES - OTHER ICT COSTS,REGISTRATION REFORM DESIGN & DELIVERY,CIVICA UK LTD,1037091318,168024.71
CAB,CABINET OFFICE,20-May-20,EXP - PURCHASE OF GOODS/SERVICES - PERSONNEL RELATED,HR CAPABILITY & TALENT,CAPITA BUSINESS SERVICES LTD,1037091335,65302.61
CAB,CABINET OFFICE,20-May-20,EXP - PURCHASE OF GOODS/SERVICES - MARKETING & MEDIA - ADVERTISING,GOV COMMS EU EXIT PROG,MANNING GOTTLIEB OMD,1037091338,72011.73
CAB,CABINET OFFICE,20-May-20,EXP - PURCHASE OF GOODS/SERVICES - MARKETING & MEDIA - ADVERTISING,GOV COMMS EU EXIT PROG,MANNING GOTTLIEB OMD,1037091338,82652.76
CAB,CABINET OFFICE,20-May-20,EXP - PURCHASE OF GOODS/SERVICES - MARKETING & MEDIA,GOV COMMS EU EXIT PROG,MANNING GOTTLIEB OMD,1037091338,40107.77
CAB,CABINET OFFICE,20-May-20,EXP - PURCHASE OF GOODS/SERVICES - MARKETING & MEDIA - ADVERTISING,COVID-19,MANNING GOTTLIEB OMD,1037091338,1044471.96
CAB,CABINET OFFICE,20-May-20,EXP - PURCHASE OF GOODS/SERVICES - MARKETING & MEDIA - ADVERTISING,COVID-19,MANNING GOTTLIEB OMD,1037091338,42140.95
CAB,CABINET OFFICE,20-May-20,EXP - PURCHASE OF GOODS/SERVICES - TRAINING & DEVELOPMENT,COMMERCIAL FAST STREAM,CIPS THE CHARTERED INSTITUTE OF PURCHASING & SUPPLY,1037091350,48425
CAB,CABINET OFFICE,20-May-20,Exp - Purchase Of Goods/Services - Consultancy,ROYAL MAIL SERVICE PENSIONS,CAPITA EMPLOYEE BENEFITS LTD,1037091355,386319.64
CAB,CABINET OFFICE,20-May-20,Exp - Purchase Of Goods/Services - Consultancy,ROYAL MAIL SERVICE PENSIONS,CAPITA EMPLOYEE BENEFITS LTD,1037091355,77263.93
CAB,CABINET OFFICE,20-May-20,Exp - Purchase Of Goods/Services - Consultancy,CENTRAL EU EXIT CONSULTANCY (PROG),PA CONSULTING GROUP,1037091361,135000
CAB,CABINET OFFICE,20-May-20,EXP - PURCHASE OF GOODS/SERVICES - OTHER ICT COSTS,ERTP IER LIVE SERVICE,SOFTWIRE TECHNOLOGY LTD,1037091366,44412.5
CAB,CABINET OFFICE,20-May-20,EXP - PURCHASE OF GOODS/SERVICES - OTHER ICT COSTS,ERTP IER LIVE SERVICE,SOFTWIRE TECHNOLOGY LTD,1037091366,31450
CAB,CABINET OFFICE,21-May-20,EXP - PURCHASE OF GOODS/SERVICES - OTHER ICT COSTS - COMPUTER SOFTWARE,DIGITAL & TECHNOLOGY APPLICATIONS TEAM,BYTES SOFTWARE SERVICES LTD,1037091379,59481.8
CAB,CABINET OFFICE,21-May-20,EXP - PURCHASE OF GOODS/SERVICES - OTHER ICT COSTS - COMPUTER SOFTWARE,GCO Admin,WORKDAY LTD,1037091395,224850
CAB,CABINET OFFICE,21-May-20,EXP - PURCHASE OF GOODS/SERVICES - OTHER ICT COSTS - COMPUTER SOFTWARE,GCO Admin,WORKDAY LTD,1037091395,98737
CAB,CABINET OFFICE,21-May-20,EXP - PURCHASE OF GOODS/SERVICES - CLINICAL & MEDICAL,COVID (PROG),RENISHAW UK SALES LTD,1037091399,38027.27
CAB,CABINET OFFICE,21-May-20,EXP - PURCHASE OF GOODS/SERVICES - CLINICAL & MEDICAL,COVID (PROG),GKN AEROSPACE SERVICES LTD,1037091400,185605
CAB,CABINET OFFICE,21-May-20,EXP - PURCHASE OF GOODS/SERVICES - CLINICAL & MEDICAL,COVID (PROG),GKN AEROSPACE SERVICES LTD,1037091400,37121
CAB,CABINET OFFICE,21-May-20,EXP - PURCHASE OF GOODS/SERVICES - MARKETING & MEDIA - ADVERTISING,COVID-19,MULLEN LOWE LONDON LTD,1037091414,161492.94
CAB,CABINET OFFICE,21-May-20,EXP - PURCHASE OF GOODS/SERVICES - MARKETING & MEDIA - ADVERTISING,COVID-19,MULLEN LOWE LONDON LTD,1037091414,86194.41
CAB,CABINET OFFICE,21-May-20,EXP - PURCHASE OF GOODS/SERVICES - MARKETING & MEDIA - ADVERTISING,COVID-19,MULLEN LOWE LONDON LTD,1037091414,118801.25
CAB,CABINET OFFICE,21-May-20,EXP - PURCHASE OF GOODS/SERVICES - MARKETING & MEDIA - ADVERTISING,COVID-19,MULLEN LOWE LONDON LTD,1037091414,243410
CAB,CABINET OFFICE,21-May-20,Exp - Purchase Of Goods/Services - Consultancy,CENTRAL EU EXIT CONSULTANCY (PROG),ERNST & YOUNG LLP,1037091417,194600
CAB,CABINET OFFICE,21-May-20,Exp - Purchase Of Goods/Services - Consultancy,OUTSOURCING IMPLEMENTATION,DELOITTE LLP,1037091428,142445.45
CAB,CABINET OFFICE,21-May-20,EXP - PURCHASE OF GOODS/SERVICES - OTHER ICT COSTS,FINANCIAL CONTROL & OPERATIONS,SHARED SERVICES CONNECTED LTD,1037091433,69507.62
CAB,CABINET OFFICE,21-May-20,EXP - PURCHASE OF GOODS/SERVICES - OTHER ICT COSTS,ERTP IER LIVE SERVICE,KAINOS SOFTWARE LTD,1037091438,25666.08
CAB,CABINET OFFICE,21-May-20,EXP - PURCHASE OF GOODS/SERVICES - TRAINING & DEVELOPMENT,POLICY PROFESSION UNIT SUPPORT,CAPITA BUSINESS SERVICES LTD TA KNOWLEDGEPOOL,1037091446,94128.1
CAB,CABINET OFFICE,21-May-20,EXP - PURCHASE OF GOODS/SERVICES - TRAINING & DEVELOPMENT,POLICY PROFESSION UNIT SUPPORT,CAPITA BUSINESS SERVICES LTD TA KNOWLEDGEPOOL,1037091446,308526.4
CAB,CABINET OFFICE,21-May-20,EXP - PURCHASE OF GOODS/SERVICES - MARKETING & MEDIA - ADVERTISING,COVID-19,MANNING GOTTLIEB OMD,1037091468,149999.97
CAB,CABINET OFFICE,21-May-20,EXP - PURCHASE OF GOODS/SERVICES - MARKETING & MEDIA - ADVERTISING,COVID-19,MANNING GOTTLIEB OMD,1037091468,36614.9
CAB,CABINET OFFICE,21-May-20,EXP - PURCHASE OF GOODS/SERVICES - MARKETING & MEDIA - ADVERTISING,COVID-19,MANNING GOTTLIEB OMD,1037091468,70000.02
CAB,CABINET OFFICE,21-May-20,EXP - PURCHASE OF GOODS/SERVICES - MARKETING & MEDIA - ADVERTISING,COVID-19,MANNING GOTTLIEB OMD,1037091468,119989.4
CAB,CABINET OFFICE,21-May-20,EXP - PURCHASE OF GOODS/SERVICES - MARKETING & MEDIA - ADVERTISING,COVID-19,MANNING GOTTLIEB OMD,1037091468,301559.88
CAB,CABINET OFFICE,21-May-20,EXP - PURCHASE OF GOODS/SERVICES - MARKETING & MEDIA - ADVERTISING,COVID-19,MANNING GOTTLIEB OMD,1037091468,66590.83
CAB,CABINET OFFICE,21-May-20,EXP - PURCHASE OF GOODS/SERVICES - MARKETING & MEDIA - ADVERTISING,COVID-19,MANNING GOTTLIEB OMD,1037091468,442489.51
CAB,CABINET OFFICE,21-May-20,EXP - PURCHASE OF GOODS/SERVICES - MARKETING & MEDIA - ADVERTISING,COVID-19,MANNING GOTTLIEB OMD,1037091468,760654.25
CAB,CABINET OFFICE,22-May-20,EXP - PURCHASE OF GOODS/SERVICES - OTHER ICT COSTS,COVID (PROG),ADATIS CONSULTING LTD,1037091500,43525
CAB,CABINET OFFICE,22-May-20,EXP - BUSINESS RATES - DIRECT LOCAL AUTHORITIES,FACILITIES MANAGEMENT,GOVERNMENT PROPERTY AGENCY GPA,1037091508,399350.8
CAB,CABINET OFFICE,22-May-20,EXP - PURCHASE OF GOODS/SERVICES - TELECOMS - TELECOM RENTALS,PMO ICTS,4 NET,1037091513,34048.99
CAB,CABINET OFFICE,22-May-20,EXP - PURCHASE OF GOODS/SERVICES - OTHER PROFESSIONAL SERVICES,PROSPERITY FUND,WYG,1037091522,343110.2
CAB,CABINET OFFICE,26-May-20,EXP - PURCHASE OF GOODS/SERVICES - OTHER ICT COSTS,DIGITAL & TECHNOLOGY TEAM - COSOP / MOGS,XMA LTD,1037091547,192360
CAB,CABINET OFFICE,26-May-20,EXP - PURCHASE OF GOODS/SERVICES - OTHER ICT COSTS - COMPUTER SOFTWARE,MARKET AND SUPPLIERS,ACCENTURE UK LTD,1037091552,42329.8
CAB,CABINET OFFICE,26-May-20,EXP - PURCHASE OF GOODS/SERVICES - TELECOMS - TELECOM RENTALS,DIGITAL & TECHNOLOGY INFRASTRUCTURE TEAM,TELEFONICA UK LTD,1037091554,39495.46
CAB,CABINET OFFICE,26-May-20,EXP - PURCHASE OF GOODS/SERVICES - TELECOMS - TELECOM RENTALS,DIGITAL & TECHNOLOGY INFRASTRUCTURE TEAM,TELEFONICA UK LTD,1037091554,51190.53
CAB,CABINET OFFICE,26-May-20,EXP - PURCHASE OF GOODS/SERVICES - TELECOMS - TELECOM RENTALS,DIGITAL & TECHNOLOGY INFRASTRUCTURE TEAM,TELEFONICA UK LTD,1037091554,53979.29
CAB,CABINET OFFICE,26-May-20,EXP - PURCHASE OF GOODS/SERVICES - TELECOMS - TELECOM RENTALS,DIGITAL & TECHNOLOGY INFRASTRUCTURE TEAM,TELEFONICA UK LTD,1037091554,63573.27
CAB,CABINET OFFICE,26-May-20,EXP - PURCHASE OF GOODS/SERVICES - TELECOMS - TELECOM SECURITY SERVICES,DIGITAL & TECHNOLOGY INFRASTRUCTURE TEAM,TELEFONICA UK LTD,1037091554,40830
CAB,CABINET OFFICE,26-May-20,EXP - PURCHASE OF GOODS/SERVICES - TELECOMS - TELECOM SECURITY SERVICES,DIGITAL & TECHNOLOGY INFRASTRUCTURE TEAM,TELEFONICA UK LTD,1037091554,47912
CAB,CABINET OFFICE,26-May-20,EXP - PURCHASE OF GOODS/SERVICES - END USER SOFTWARE AND HARDWARE,TECHNOLOGY AND OPERATIONS,SIX DEGREES TECHNOLOGY GROUP LTD,1037091584,38467.98
CAB,CABINET OFFICE,26-May-20,EXP - PURCHASE OF GOODS/SERVICES - ACCOMMODATION & BLDNG MANAGEMENT - FM CONTRACT VARIABLE,Faculty & Service Delivery,CCT VENUES-2WM,1037091588,31415
CAB,CABINET OFFICE,27-May-20,EXP - PURCHASE OF GOODS/SERVICES - TRAINING & DEVELOPMENT,FAST STREAM LEARNING & DEVELOPMENT,TMP UK LTD,1037091613,54390
CAB,CABINET OFFICE,27-May-20,EXP - PURCHASE OF GOODS/SERVICES - PERSONNEL RELATED - RECRUITMENT ADVERTISING,DIGITAL & TECHNOLOGY BUSINESS OPERATIONS TEAM,ADDITION SOLUTIONS LTD,1037091624,30000
CAB,CABINET OFFICE,27-May-20,EXP - PURCHASE OF GOODS/SERVICES - TELECOMS - TELECOM RENTALS,PMO ICTS,BRITISH TELECOMMUNICATIONS PLC,1037091627,46986.32
CAB,CABINET OFFICE,27-May-20,EXP - PURCHASE OF GOODS/SERVICES - TELECOMS - TELECOM RENTALS,PMO ICTS,BRITISH TELECOMMUNICATIONS PLC,1037091630,34784.69
CAB,CABINET OFFICE,27-May-20,EXP - PURCHASE OF GOODS/SERVICES - OTHER - RESEARCH AND DEVELOPMENT,COVID-19,YOUGOV PLC,1037091631,94200
CAB,CABINET OFFICE,27-May-20,EXP - PURCHASE OF GOODS/SERVICES - OTHER TRAVEL,COMMERCIAL,DIVERSITY TRAVEL LTD,1037091648,92050.5
CAB,CABINET OFFICE,27-May-20,Exp - Purchase Of Goods/Services - Consultancy,CENTRAL EU EXIT CONSULTANCY (PROG),BEARINGPOINT LTD,1037091651,27225
CAB,CABINET OFFICE,27-May-20,EXP - PURCHASE OF GOODS/SERVICES - OTHER - RESEARCH AND DEVELOPMENT,COVID-19,PUBLIC FIRST LTD,1037091652,78187.07
CAB,CABINET OFFICE,27-May-20,EXP - PURCHASE OF GOODS/SERVICES - MARKETING & MEDIA - ADVERTISING,COVID-19,MANNING GOTTLIEB OMD,1037091661,74136.26
CAB,CABINET OFFICE,27-May-20,EXP - PURCHASE OF GOODS/SERVICES - MARKETING & MEDIA - ADVERTISING,COVID-19,MANNING GOTTLIEB OMD,1037091661,339794.86
CAB,CABINET OFFICE,27-May-20,EXP - PURCHASE OF GOODS/SERVICES - MARKETING & MEDIA - ADVERTISING,COVID-19,MANNING GOTTLIEB OMD,1037091661,39142.94
CAB,CABINET OFFICE,27-May-20,EXP - PURCHASE OF GOODS/SERVICES - MARKETING & MEDIA - ADVERTISING,COVID-19,MANNING GOTTLIEB OMD,1037091661,47864.47
CAB,CABINET OFFICE,27-May-20,EXP - PURCHASE OF GOODS/SERVICES - MARKETING & MEDIA - ADVERTISING,COVID-19,MANNING GOTTLIEB OMD,1037091661,77162.27
CAB,CABINET OFFICE,01-May-20,Exp - Purchase Of Goods/Services - Consultancy,CENTRAL EU EXIT CONSULTANCY (PROG),PRICEWATERHOUSE COOPERS,1037080126,107753.75
CAB,CABINET OFFICE,01-May-20,Exp - Purchase Of Goods/Services - Consultancy,CENTRAL EU EXIT CONSULTANCY (PROG),PRICEWATERHOUSE COOPERS,1037080126,165026.53
CAB,CABINET OFFICE,01-May-20,Exp - Purchase Of Goods/Services - Consultancy,CENTRAL EU EXIT CONSULTANCY (PROG),PRICEWATERHOUSE COOPERS,1037090126,186321.88
CAB,CABINET OFFICE,01-May-20,Exp - Purchase Of Goods/Services - Consultancy,CENTRAL EU EXIT CONSULTANCY (PROG),THE BOSTON CONSULTING GROUP,1037089168,525600
CAB,CABINET OFFICE,01-May-20,Exp - Purchase Of Goods/Services - Consultancy,CENTRAL EU EXIT CONSULTANCY (PROG),PA CONSULTING GROUP,1037090199,45791.15
CAB,CABINET OFFICE,01-May-20,Exp - Purchase Of Goods/Services - Consultancy,CENTRAL EU EXIT CONSULTANCY (PROG),PA CONSULTING GROUP,1037090199,135000
CAB,CABINET OFFICE,15-May-20,Exp - Purchase Of Goods/Services - Consultancy,CENTRAL EU EXIT CONSULTANCY (PROG),DELOITTE LLP,1037091096,27000
CAB,CABINET OFFICE,20-May-20,Exp - Purchase Of Goods/Services - Consultancy,CENTRAL EU EXIT CONSULTANCY (PROG),PA CONSULTING GROUP,1037091361,45666
CAB,CABINET OFFICE,22-May-20,Exp - Purchase Of Goods/Services - Consultancy,CENTRAL EU EXIT CONSULTANCY (PROG),ERNST & YOUNG LLP,1037091532,75841.06
CAB,Crown Commercial Service,01-May-20,Agency/Interim Staff,Transformation Projects,McGinley Human Resources Ltd, SINV-000005003 ,35431.08
CAB,Crown Commercial Service,04-May-20,"Publications, Periodicals & Subscriptions",Technology COO,Gartner UK Ltd, SINV-000005027 ,96360
CAB,Crown Commercial Service,04-May-20,IT Consumables,Transformation Programme,Initial Spark Consulting Ltd, SINV-000005025 ,51420
CAB,Crown Commercial Service,06-May-20,Covid 19 Purchase Requests,CEO & Private Office,Calder Conferences, SINV-000005105 ,382536
CAB,Crown Commercial Service,06-May-20,Welfare/Medical Services,Buildings Central,Prometheus Medical Technologies Ltd, SINV-000005089 ,74442
CAB,Crown Commercial Service,06-May-20,Licence Costs,Technology Support,Utilidex Limited, SINV-000005086 ,56304
CAB,Crown Commercial Service,06-May-20,Licence Costs,Technology & Digital Portfolio,CAP Motor Research Ltd, SINV-000005090 ,38578.46
CAB,Crown Commercial Service,07-May-20,GCO Staff Charges from CO,HR,CABINET OFFICE, SINV-000005131 ,70994.4
CAB,Crown Commercial Service,07-May-20,Service Fee,Technology Operations,SoftwareONE UK Ltd, SINV-000005150 ,43100.64
CAB,Crown Commercial Service,11-May-20,Web Ongoing Support,Technology Central,Accenture, SINV-000005177 ,156000
CAB,Crown Commercial Service,11-May-20,Consultancy Fees (Advice & Guidance),Transformation Programme,Promote Consulting Ltd, SINV-000004496 ,32400
CAB,Crown Commercial Service,13-May-20,Covid 19 Purchase Requests,CEO & Private Office,Calder Conferences, SINV-000005242 ,134370.5
CAB,Crown Commercial Service,13-May-20,Covid 19 Purchase Requests,CEO & Private Office,Calder Conferences, SINV-000005245 ,127761.6
CAB,Crown Commercial Service,14-May-20,Service Fee,Technology Operations,CABINET OFFICE, SINV-000005289 ,529422.86
CAB,Crown Commercial Service,18-May-20,MOU Commission Share - Corporate Services,Document Management & Logistics,Yorkshire Purchasing Organisation, SINV-000005333 ,62466.5
CAB,Crown Commercial Service,19-May-20,Covid 19 Purchase Requests,CEO & Private Office,Calder Conferences, SINV-000005346 ,1237140
CAB,Crown Commercial Service,19-May-20,Covid 19 Purchase Requests,CEO & Private Office,Calder Conferences, SINV-000005345 ,92193
CAB,Crown Commercial Service,20-May-20,Service Fee,Marcomms & Research,Manning Gottileb OMD Ltd, SINV-000005372 ,1450160.4
CAB,Crown Commercial Service,20-May-20,Covid 19 Purchase Requests,CEO & Private Office,Calder Conferences, SINV-000005373 ,88000
CAB,Crown Commercial Service,20-May-20,Purchases IT Software Intangible,Commodities & Innovation,Comparex UK Ltd, SINV-000004544 ,31150.94
CAB,Crown Commercial Service,21-May-20,GCO Staff Charges from CO,HR,CABINET OFFICE, SINV-000005391 ,3860972.57
CAB,Crown Commercial Service,21-May-20,GCO Staff Charges from CO,HR,CABINET OFFICE, SINV-000005393 ,239730
CAB,Crown Commercial Service,21-May-20,GCO Hub Recruitment Costs,HR,CABINET OFFICE, SINV-000005383 ,55000
CAB,Crown Commercial Service,26-May-20,Agency/Interim Staff,Transformation Projects,McGinley Human Resources Ltd, SINV-000005432 ,33412.8
CAB,Crown Commercial Service,27-May-20,Consultancy Fees (Advice & Guidance),Transformation Programme,NQC Ltd, SINV-000005457 ,55672.8
CAB,Government Property Agency,06-May-20,Soft FM Fixed,Fixed FM,Interserve (Facilities Management) Ltd,82,27812.01
CAB,Government Property Agency,06-May-20,Electricity Charges,Head Lease SC Expense,Darlington Borough Council,15,34165
CAB,Government Property Agency,06-May-20,Landlord Professional Fees,Head Lease SC Expense,Faithful + Gould Limited,27,78503.05
CAB,Government Property Agency,06-May-20,Total Facilities Management,Facilities Management,Interserve (Facilities Management) Ltd,6,140775.45
CAB,Government Property Agency,06-May-20,Total Facilities Management,Facilities Management,Interserve (Facilities Management) Ltd,9,31178.21
CAB,Government Property Agency,06-May-20,Landlord Professional Fees,Head Lease SC Expense,Faithful + Gould Limited,12,25000
CAB,Government Property Agency,06-May-20,Electricity,Utilities,EDF Energy,28,28815.19
CAB,Government Property Agency,13-May-20,Service Charge Balancing,Head Lease SC Expense,HM Revenue & Customs,15,27213.47
CAB,Government Property Agency,13-May-20,Dilapidations,Property Transactions,Westmoreland Investments Ltd,15,140000
CAB,Government Property Agency,14-May-20,Whitehall Systems Heating,Utilities,ENGIE Services Limited,3,107058.99
CAB,Government Property Agency,14-May-20,Hard FM Fixed,Fixed FM,ENGIE Services Limited,7,83613.03
CAB,Government Property Agency,20-May-20,Rent Expenditure,Head Lease Rent,Ministry of Justice (All invoices),10,113452.66
CAB,Government Property Agency,21-May-20,Professional Services-General,Professional Fees,Faithful + Gould Limited,35,55688.42
CAB,Government Property Agency,22-May-20,Soft FM Fixed,Fixed FM,ISS Mediclean Ltd,30,278499.89
CAB,Government Property Agency,22-May-20,Hard FM Fixed,Fixed FM,ISS Mediclean Ltd,33,90073.38
CAB,Government Property Agency,22-May-20,Fixed Operational Security,Operational Security,ISS Mediclean Ltd,36,135181.7
CAB,Government Property Agency,22-May-20,Fixed Operational Security,Operational Security,ISS Mediclean Ltd,42,29691.67
CAB,Government Property Agency,22-May-20,Soft FM Fixed,Fixed FM,ISS Mediclean Ltd,48,44172.82
CAB,Government Property Agency,22-May-20,Fixed Operational Security,Operational Security,ISS Mediclean Ltd,51,33456.17
CAB,Government Property Agency,22-May-20,Hard FM Fixed,Fixed FM,ISS Mediclean Ltd,75,30550.12
CAB,Government Property Agency,22-May-20,Soft FM Fixed,Fixed FM,ISS Mediclean Ltd,78,28560.4
CAB,Government Property Agency,22-May-20,Fixed Operational Security,Operational Security,ISS Mediclean Ltd,96,36303.44
CAB,Government Property Agency,22-May-20,Hard FM Fixed,Fixed FM,ISS Mediclean Ltd,99,39818.05
CAB,Government Property Agency,22-May-20,Soft FM Fixed,Fixed FM,ISS Mediclean Ltd,102,47410.78
CAB,Government Property Agency,22-May-20,Fixed Operational Security,Operational Security,ISS Mediclean Ltd,105,34861.43
CAB,Government Property Agency,22-May-20,Soft FM Fixed,Fixed FM,ISS Mediclean Ltd,201,90473.99
CAB,Government Property Agency,22-May-20,Hard FM Fixed,Fixed FM,ISS Mediclean Ltd,204,29885.17
CAB,Government Property Agency,22-May-20,Soft FM Fixed,Fixed FM,ISS Mediclean Ltd,207,36431.79
CAB,Government Property Agency,22-May-20,Soft FM Fixed,Fixed FM,ISS Mediclean Ltd,228,51863.52
CAB,Government Property Agency,22-May-20,Soft FM Variable,Repairs and Maintenance,ISS Mediclean Ltd,240,40968.08
CAB,Government Property Agency,22-May-20,Soft FM Variable,Repairs and Maintenance,ISS Mediclean Ltd,246,112812.11
CAB,Government Property Agency,22-May-20,Soft FM Variable,Repairs and Maintenance,ISS Mediclean Ltd,264,53633.66
CAB,Government Property Agency,22-May-20,Soft FM Variable,Repairs and Maintenance,ISS Mediclean Ltd,273,152280.59
CAB,Government Property Agency,22-May-20,Soft FM Variable,Repairs and Maintenance,ISS Mediclean Ltd,291,33080.99
CAB,Government Property Agency,22-May-20,Hard FM Variable,Repairs and Maintenance,ISS Mediclean Ltd,297,140455.92
CAB,Government Property Agency,22-May-20,Soft FM Variable,Repairs and Maintenance,Interserve (Facilities Management) Ltd,6,50933.28
CAB,Government Property Agency,22-May-20,Variable Operational Security,Operational Security,Interserve (Facilities Management) Ltd,9,51610.3
CAB,Government Property Agency,22-May-20,Hard FM Fixed,Fixed FM,Interserve (Facilities Management) Ltd,3,76647.84
CAB,Government Property Agency,22-May-20,Soft FM Fixed,Fixed FM,Interserve (Facilities Management) Ltd,6,387132.41
CAB,Government Property Agency,22-May-20,Variable Operational Security,Operational Security,Interserve (Facilities Management) Ltd,12,85934.53
CAB,Government Property Agency,26-May-20,Business Rates,Rates,Westminster City Council,3,137433
CAB,Government Property Agency,26-May-20,Business Rates,Rates,Westminster City Council,9,56303
CAB,Government Property Agency,26-May-20,Business Rates,Rates,London Borough of Tower Hamlets,27,692132
CAB,Government Property Agency,26-May-20,Business Rates,Rates,Bristol City Council,66,156160
CAB,Government Property Agency,26-May-20,Business Rates,Rates,Westminster City Council,75,232307
CAB,Government Property Agency,26-May-20,Business Rates,Rates,Leeds City Council,93,70144
CAB,Government Property Agency,26-May-20,Business Rates,Rates,Westminster City Council,102,120587
CAB,Government Property Agency,26-May-20,Business Rates,Rates,Westminster City Council,105,422943
CAB,Government Property Agency,26-May-20,Business Rates,Rates,Westminster City Council,108,424713
CAB,Government Property Agency,26-May-20,Business Rates,Rates,City of London (Rates),111,138150
CAB,Government Property Agency,26-May-20,Business Rates,Rates,London Borough of Tower Hamlets,135,34137
CAB,Government Property Agency,26-May-20,Business Rates,Rates,London Borough of Tower Hamlets,138,33250
CAB,Government Property Agency,26-May-20,Business Rates,Rates,The Council Of The City Of Newcastle Upon Tyne,201,44373
CAB,Government Property Agency,26-May-20,Business Rates,Rates,Birmingham City Council,207,62464
CAB,Government Property Agency,26-May-20,Business Rates,Rates,Bristol City Council,216,84480
CAB,Government Property Agency,26-May-20,Business Rates,Rates,Coventry City Council,225,37760
CAB,Government Property Agency,26-May-20,Business Rates,Rates,Coventry City Council,237,41600
CAB,Government Property Agency,26-May-20,Business Rates,Rates,Westminster City Council,243,379050
CAB,Government Property Agency,26-May-20,Business Rates,Rates,Sheffield City Council,276,43093
CAB,Government Property Agency,26-May-20,Business Rates,Rates,City of London (Rates),279,36720
CAB,Government Property Agency,26-May-20,Business Rates,Rates,Westminster City Council,282,143640
CAB,Government Property Agency,27-May-20,Consultancy Fees,Professional Fees,Deloitte LLP,3,39400
CAB,Government Property Agency,28-May-20,Total Facilities Management,Facilities Management,Interserve (Facilities Management) Ltd,15,37465.5
CAB,Government Property Agency,28-May-20,Total Facilities Management,Facilities Management,Interserve (Facilities Management) Ltd,3,42758.83
CAB,Government Property Agency,29-May-20,Soft FM Fixed,Fixed FM,Interserve (Facilities Management) Ltd,3,51610.3
CAB,Government Property Agency,29-May-20,Soft FM Fixed,Fixed FM,Interserve (Facilities Management) Ltd,9,86069.82
CAB,Government Property Agency,29-May-20,Soft FM Fixed,Fixed FM,Interserve (Facilities Management) Ltd,6,85818.75
CAB,Government Property Agency,29-May-20,Variable FM Management Fees,Repairs and Maintenance,Interserve (Facilities Management) Ltd,9,228081.54
CAB,Government Property Agency,29-May-20,Fixed Operational Security,Operational Security,Interserve (Facilities Management) Ltd,12,74825.88
CAB,Government Property Agency,29-May-20,Variable FM Management Fees,Repairs and Maintenance,Interserve (Facilities Management) Ltd,18,25788.09
CAB,Government Property Agency,29-May-20,Fixed Operational Security,Operational Security,Interserve (Facilities Management) Ltd,33,34215.7
CAB,Government Property Agency,29-May-20,Soft FM Variable,Repairs and Maintenance,Interserve (Facilities Management) Ltd,60,28268.22
CAB,Government Property Agency,29-May-20,Hard FM Variable,Repairs and Maintenance,Interserve (Facilities Management) Ltd,63,107601.21